Date,Month,DayOfWeek,Period,Daily_kWh,DayOfWeekShort,predicted
2023-10-04,October,Wednesday,Before June 2024,6.4495000000000005,Wed,17.767106363272912
2023-10-05,October,Thursday,Before June 2024,10.0545,Thu,18.079114413986662
2023-10-06,October,Friday,Before June 2024,15.7005,Fri,16.50845429271542
2023-10-07,October,Saturday,Before June 2024,14.9215,Sat,20.802493268428467
2023-10-08,October,Sunday,Before June 2024,16.7595,Sun,18.00152541110774
2023-10-09,October,Monday,Before June 2024,16.373,Mon,18.547771042574208
2023-10-10,October,Tuesday,Before June 2024,9.797,Tue,17.884682149607606
2023-10-11,October,Wednesday,Before June 2024,12.5735,Wed,17.767106363272912
2023-10-12,October,Thursday,Before June 2024,10.39,Thu,18.079114413986662
2023-10-13,October,Friday,Before June 2024,13.5035,Fri,16.50845429271542
2023-10-14,October,Saturday,Before June 2024,15.5515,Sat,20.802493268428467
2023-10-15,October,Sunday,Before June 2024,18.8605,Sun,18.00152541110774
2023-10-16,October,Monday,Before June 2024,18.514499999999998,Mon,18.547771042574208
2023-10-17,October,Tuesday,Before June 2024,17.5845,Tue,17.884682149607606
2023-10-18,October,Wednesday,Before June 2024,20.328500000000002,Wed,17.767106363272912
2023-10-19,October,Thursday,Before June 2024,15.484,Thu,18.079114413986662
2023-10-20,October,Friday,Before June 2024,12.9355,Fri,16.50845429271542
2023-10-21,October,Saturday,Before June 2024,25.105,Sat,20.802493268428467
2023-10-22,October,Sunday,Before June 2024,23.055,Sun,18.00152541110774
2023-10-23,October,Monday,Before June 2024,16.368,Mon,18.547771042574208
2023-10-24,October,Tuesday,Before June 2024,24.511,Tue,17.884682149607606
2023-10-25,October,Wednesday,Before June 2024,20.0575,Wed,17.767106363272912
2023-10-26,October,Thursday,Before June 2024,19.716,Thu,18.079114413986662
2023-10-27,October,Friday,Before June 2024,18.184,Fri,16.50845429271542
2023-10-28,October,Saturday,Before June 2024,22.382,Sat,20.802493268428467
2023-10-29,October,Sunday,Before June 2024,17.244,Sun,18.00152541110774
2023-10-30,October,Monday,Before June 2024,24.286,Mon,18.547771042574208
2023-10-31,October,Tuesday,Before June 2024,21.0505,Tue,17.884682149607606
2023-11-01,November,Wednesday,Before June 2024,17.4565,Wed,27.921737381435253
2023-11-02,November,Thursday,Before June 2024,25.6085,Thu,28.233745432149004
2023-11-03,November,Friday,Before June 2024,23.55,Fri,26.66308531087776
2023-11-04,November,Saturday,Before June 2024,31.594,Sat,30.95712428659081
2023-11-05,November,Sunday,Before June 2024,28.092,Sun,28.156156429270084
2023-11-06,November,Monday,Before June 2024,23.28,Mon,28.70240206073655
2023-11-07,November,Tuesday,Before June 2024,27.743,Tue,28.039313167769947
2023-11-08,November,Wednesday,Before June 2024,27.128,Wed,27.921737381435253
2023-11-09,November,Thursday,Before June 2024,36.344,Thu,28.233745432149004
2023-11-10,November,Friday,Before June 2024,23.797,Fri,26.66308531087776
2023-11-11,November,Saturday,Before June 2024,24.387999999999998,Sat,30.95712428659081
2023-11-12,November,Sunday,Before June 2024,29.214,Sun,28.156156429270084
2023-11-13,November,Monday,Before June 2024,24.677,Mon,28.70240206073655
2023-11-14,November,Tuesday,Before June 2024,20.187,Tue,28.039313167769947
2023-11-15,November,Wednesday,Before June 2024,21.076,Wed,27.921737381435253
2023-11-16,November,Thursday,Before June 2024,27.943,Thu,28.233745432149004
2023-11-17,November,Friday,Before June 2024,34.324,Fri,26.66308531087776
2023-11-18,November,Saturday,Before June 2024,29.379,Sat,30.95712428659081
2023-11-19,November,Sunday,Before June 2024,25.48,Sun,28.156156429270084
2023-11-20,November,Monday,Before June 2024,22.871,Mon,28.70240206073655
2023-11-21,November,Tuesday,Before June 2024,19.868,Tue,28.039313167769947
2023-11-22,November,Wednesday,Before June 2024,21.371,Wed,27.921737381435253
2023-11-23,November,Thursday,Before June 2024,23.934,Thu,28.233745432149004
2023-11-24,November,Friday,Before June 2024,23.875,Fri,26.66308531087776
2023-11-25,November,Saturday,Before June 2024,35.593,Sat,30.95712428659081
2023-11-26,November,Sunday,Before June 2024,31.093,Sun,28.156156429270084
2023-11-27,November,Monday,Before June 2024,48.474,Mon,28.70240206073655
2023-11-28,November,Tuesday,Before June 2024,39.503,Tue,28.039313167769947
2023-11-29,November,Wednesday,Before June 2024,31.423000000000002,Wed,27.921737381435253
2023-11-30,November,Thursday,Before June 2024,42.159,Thu,28.233745432149004
2023-12-01,December,Friday,Before June 2024,48.198,Fri,31.07705028225292
2023-12-02,December,Saturday,Before June 2024,39.913,Sat,35.37108925796597
2023-12-03,December,Sunday,Before June 2024,48.359,Sun,32.57012140064525
2023-12-04,December,Monday,Before June 2024,31.722,Mon,33.11636703211171
2023-12-05,December,Tuesday,Before June 2024,41.916000000000004,Tue,32.453278139145105
2023-12-06,December,Wednesday,Before June 2024,37.11,Wed,32.335702352810415
2023-12-07,December,Thursday,Before June 2024,30.166,Thu,32.647710403524165
2023-12-08,December,Friday,Before June 2024,26.718,Fri,31.07705028225292
2023-12-09,December,Saturday,Before June 2024,23.292,Sat,35.37108925796597
2023-12-10,December,Sunday,Before June 2024,25.794,Sun,32.57012140064525
2023-12-11,December,Monday,Before June 2024,23.775,Mon,33.11636703211171
2023-12-12,December,Tuesday,Before June 2024,26.972,Tue,32.453278139145105
2023-12-13,December,Wednesday,Before June 2024,29.968,Wed,32.335702352810415
2023-12-14,December,Thursday,Before June 2024,33.205,Thu,32.647710403524165
2023-12-15,December,Friday,Before June 2024,32.225,Fri,31.07705028225292
2023-12-16,December,Saturday,Before June 2024,31.49,Sat,35.37108925796597
2023-12-17,December,Sunday,Before June 2024,40.392,Sun,32.57012140064525
2023-12-18,December,Monday,Before June 2024,26.334,Mon,33.11636703211171
2023-12-19,December,Tuesday,Before June 2024,19.133,Tue,32.453278139145105
2023-12-20,December,Wednesday,Before June 2024,36.063,Wed,32.335702352810415
2023-12-21,December,Thursday,Before June 2024,28.622,Thu,32.647710403524165
2023-12-22,December,Friday,Before June 2024,25.067,Fri,31.07705028225292
2023-12-23,December,Saturday,Before June 2024,26.072,Sat,35.37108925796597
2023-12-24,December,Sunday,Before June 2024,26.48,Sun,32.57012140064525
2023-12-25,December,Monday,Before June 2024,28.277,Mon,33.11636703211171
2023-12-26,December,Tuesday,Before June 2024,30.63,Tue,32.453278139145105
2023-12-27,December,Wednesday,Before June 2024,33.907,Wed,32.335702352810415
2023-12-28,December,Thursday,Before June 2024,31.101,Thu,32.647710403524165
2023-12-29,December,Friday,Before June 2024,33.461,Fri,31.07705028225292
2023-12-30,December,Saturday,Before June 2024,33.734,Sat,35.37108925796597
2023-12-31,December,Sunday,Before June 2024,34.727,Sun,32.57012140064525
2024-01-01,January,Monday,Before June 2024,38.283,Mon,32.75604795066191
2024-01-02,January,Tuesday,Before June 2024,35.06,Tue,32.0929590576953
2024-01-03,January,Wednesday,Before June 2024,32.528,Wed,31.975383271360617
2024-01-04,January,Thursday,Before June 2024,31.143,Thu,32.28739132207436
2024-01-05,January,Friday,Before June 2024,33.658,Fri,30.716731200803117
2024-01-06,January,Saturday,Before June 2024,29.575,Sat,35.01077017651617
2024-01-07,January,Sunday,Before June 2024,49.736,Sun,32.20980231919545
2024-01-08,January,Monday,Before June 2024,30.741,Mon,32.75604795066191
2024-01-09,January,Tuesday,Before June 2024,32.097,Tue,32.0929590576953
2024-01-10,January,Wednesday,Before June 2024,39.839,Wed,31.975383271360617
2024-01-11,January,Thursday,Before June 2024,34.059,Thu,32.28739132207436
2024-01-12,January,Friday,Before June 2024,33.631,Fri,30.716731200803117
2024-01-13,January,Saturday,Before June 2024,39.418,Sat,35.01077017651617
2024-01-14,January,Sunday,Before June 2024,30.009,Sun,32.20980231919545
2024-01-15,January,Monday,Before June 2024,32.666,Mon,32.75604795066191
2024-01-16,January,Tuesday,Before June 2024,40.981,Tue,32.0929590576953
2024-01-17,January,Wednesday,Before June 2024,35.756,Wed,31.975383271360617
2024-01-18,January,Thursday,Before June 2024,37.165,Thu,32.28739132207436
2024-01-19,January,Friday,Before June 2024,37.567,Fri,30.716731200803117
2024-01-20,January,Saturday,Before June 2024,41.395,Sat,35.01077017651617
2024-01-21,January,Sunday,Before June 2024,33.094,Sun,32.20980231919545
2024-01-22,January,Monday,Before June 2024,33.382,Mon,32.75604795066191
2024-01-23,January,Tuesday,Before June 2024,22.078,Tue,32.0929590576953
2024-01-24,January,Wednesday,Before June 2024,30.463,Wed,31.975383271360617
2024-01-25,January,Thursday,Before June 2024,25.52,Thu,32.28739132207436
2024-01-26,January,Friday,Before June 2024,31.309,Fri,30.716731200803117
2024-01-27,January,Saturday,Before June 2024,23.473,Sat,35.01077017651617
2024-01-28,January,Sunday,Before June 2024,34.898,Sun,32.20980231919545
2024-01-29,January,Monday,Before June 2024,25.467,Mon,32.75604795066191
2024-01-30,January,Tuesday,Before June 2024,32.301,Tue,32.0929590576953
2024-01-31,January,Wednesday,Before June 2024,30.214,Wed,31.975383271360617
2024-02-01,February,Thursday,Before June 2024,31.914,Thu,28.01702964235002
2024-02-02,February,Friday,Before June 2024,29.281,Fri,26.44636952107878
2024-02-03,February,Saturday,Before June 2024,26.379,Sat,30.740408496791826
2024-02-04,February,Sunday,Before June 2024,28.859,Sun,27.9394406394711
2024-02-05,February,Monday,Before June 2024,29.233,Mon,28.485686270937567
2024-02-06,February,Tuesday,Before June 2024,25.441,Tue,27.822597377970965
2024-02-07,February,Wednesday,Before June 2024,25.777,Wed,27.70502159163627
2024-02-08,February,Thursday,Before June 2024,32.59,Thu,28.01702964235002
2024-02-09,February,Friday,Before June 2024,31.391,Fri,26.44636952107878
2024-02-10,February,Saturday,Before June 2024,23.732,Sat,30.740408496791826
2024-02-11,February,Sunday,Before June 2024,31.715,Sun,27.9394406394711
2024-02-12,February,Monday,Before June 2024,24.741,Mon,28.485686270937567
2024-02-13,February,Tuesday,Before June 2024,23.931,Tue,27.822597377970965
2024-02-14,February,Wednesday,Before June 2024,28.371,Wed,27.70502159163627
2024-02-15,February,Thursday,Before June 2024,27.103,Thu,28.01702964235002
2024-02-16,February,Friday,Before June 2024,20.53,Fri,26.44636952107878
2024-02-17,February,Saturday,Before June 2024,24.979,Sat,30.740408496791826
2024-02-18,February,Sunday,Before June 2024,26.328,Sun,27.9394406394711
2024-02-19,February,Monday,Before June 2024,19.609,Mon,28.485686270937567
2024-02-20,February,Tuesday,Before June 2024,20.455000000000002,Tue,27.822597377970965
2024-02-21,February,Wednesday,Before June 2024,20.233,Wed,27.70502159163627
2024-02-22,February,Thursday,Before June 2024,17.562,Thu,28.01702964235002
2024-02-23,February,Friday,Before June 2024,24.453,Fri,26.44636952107878
2024-02-24,February,Saturday,Before June 2024,25.808,Sat,30.740408496791826
2024-02-25,February,Sunday,Before June 2024,27.901,Sun,27.9394406394711
2024-02-26,February,Monday,Before June 2024,21.507,Mon,28.485686270937567
2024-02-27,February,Tuesday,Before June 2024,26.236,Tue,27.822597377970965
2024-02-28,February,Wednesday,Before June 2024,25.832,Wed,27.70502159163627
2024-02-29,February,Thursday,Before June 2024,25.451,Thu,28.01702964235002
2024-03-01,March,Friday,Before June 2024,34.379,Fri,23.97263397388486
2024-03-02,March,Saturday,Before June 2024,18.805,Sat,28.266672949597908
2024-03-03,March,Sunday,Before June 2024,45.666,Sun,25.46570509227718
2024-03-04,March,Monday,Before June 2024,36.423,Mon,26.011950723743645
2024-03-05,March,Tuesday,Before June 2024,30.891000000000002,Tue,25.348861830777043
2024-03-06,March,Wednesday,Before June 2024,28.575,Wed,25.231286044442353
2024-03-07,March,Thursday,Before June 2024,30.003,Thu,25.543294095156103
2024-03-08,March,Friday,Before June 2024,27.649,Fri,23.97263397388486
2024-03-09,March,Saturday,Before June 2024,29.488,Sat,28.266672949597908
2024-03-10,March,Sunday,Before June 2024,31.719,Sun,25.46570509227718
2024-03-11,March,Monday,Before June 2024,30.016,Mon,26.011950723743645
2024-03-12,March,Tuesday,Before June 2024,32.336999999999996,Tue,25.348861830777043
2024-03-13,March,Wednesday,Before June 2024,24.848,Wed,25.231286044442353
2024-03-14,March,Thursday,Before June 2024,28.043,Thu,25.543294095156103
2024-03-15,March,Friday,Before June 2024,25.801000000000002,Fri,23.97263397388486
2024-03-16,March,Saturday,Before June 2024,20.133,Sat,28.266672949597908
2024-03-17,March,Sunday,Before June 2024,32.054,Sun,25.46570509227718
2024-03-18,March,Monday,Before June 2024,18.009999999999998,Mon,26.011950723743645
2024-03-19,March,Tuesday,Before June 2024,25.746,Tue,25.348861830777043
2024-03-20,March,Wednesday,Before June 2024,17.973,Wed,25.231286044442353
2024-03-21,March,Thursday,Before June 2024,18.317,Thu,25.543294095156103
2024-03-22,March,Friday,Before June 2024,31.285,Fri,23.97263397388486
2024-03-23,March,Saturday,Before June 2024,24.158,Sat,28.266672949597908
2024-03-24,March,Sunday,Before June 2024,27.112000000000002,Sun,25.46570509227718
2024-03-25,March,Monday,Before June 2024,28.123,Mon,26.011950723743645
2024-03-26,March,Tuesday,Before June 2024,17.144000000000002,Tue,25.348861830777043
2024-03-27,March,Wednesday,Before June 2024,29.271,Wed,25.231286044442353
2024-03-28,March,Thursday,Before June 2024,22.853,Thu,25.543294095156103
2024-03-29,March,Friday,Before June 2024,25.987000000000002,Fri,23.97263397388486
2024-03-30,March,Saturday,Before June 2024,26.613,Sat,28.266672949597908
2024-03-31,March,Sunday,Before June 2024,17.476,Sun,25.46570509227718
2024-04-01,April,Monday,Before June 2024,28.709,Mon,18.502884171292237
2024-04-02,April,Tuesday,Before June 2024,27.086,Tue,17.839795278325635
2024-04-03,April,Wednesday,Before June 2024,17.052,Wed,17.722219491990945
2024-04-04,April,Thursday,Before June 2024,15.99,Thu,18.03422754270469
2024-04-05,April,Friday,Before June 2024,17.762,Fri,16.463567421433453
2024-04-06,April,Saturday,Before June 2024,15.322,Sat,20.7576063971465
2024-04-07,April,Sunday,Before June 2024,24.955,Sun,17.95663853982577
2024-04-08,April,Monday,Before June 2024,16.208,Mon,18.502884171292237
2024-04-09,April,Tuesday,Before June 2024,30.309,Tue,17.839795278325635
2024-04-10,April,Wednesday,Before June 2024,21.612,Wed,17.722219491990945
2024-04-11,April,Thursday,Before June 2024,15.568,Thu,18.03422754270469
2024-04-12,April,Friday,Before June 2024,15.204,Fri,16.463567421433453
2024-04-13,April,Saturday,Before June 2024,21.459,Sat,20.7576063971465
2024-04-14,April,Sunday,Before June 2024,21.033,Sun,17.95663853982577
2024-04-15,April,Monday,Before June 2024,19.759,Mon,18.502884171292237
2024-04-16,April,Tuesday,Before June 2024,24.372,Tue,17.839795278325635
2024-04-17,April,Wednesday,Before June 2024,20.302,Wed,17.722219491990945
2024-04-18,April,Thursday,Before June 2024,23.025,Thu,18.03422754270469
2024-04-19,April,Friday,Before June 2024,21.54,Fri,16.463567421433453
2024-04-20,April,Saturday,Before June 2024,17.606,Sat,20.7576063971465
2024-04-21,April,Sunday,Before June 2024,17.839,Sun,17.95663853982577
2024-04-22,April,Monday,Before June 2024,10.943,Mon,18.502884171292237
2024-04-23,April,Tuesday,Before June 2024,13.616,Tue,17.839795278325635
2024-04-24,April,Wednesday,Before June 2024,11.394,Wed,17.722219491990945
2024-04-25,April,Thursday,Before June 2024,15.179,Thu,18.03422754270469
2024-04-26,April,Friday,Before June 2024,20.854,Fri,16.463567421433453
2024-04-27,April,Saturday,Before June 2024,23.367,Sat,20.7576063971465
2024-04-28,April,Sunday,Before June 2024,19.512,Sun,17.95663853982577
2024-04-29,April,Monday,Before June 2024,13.58,Mon,18.502884171292237
2024-04-30,April,Tuesday,Before June 2024,13.716,Tue,17.839795278325635
2024-05-01,May,Wednesday,Before June 2024,21.079,Wed,14.957697748462618
2024-05-02,May,Thursday,Before June 2024,16.907,Thu,15.269705799176368
2024-05-03,May,Friday,Before June 2024,23.518,Fri,13.699045677905124
2024-05-04,May,Saturday,Before June 2024,25.511,Sat,17.993084653618173
2024-05-05,May,Sunday,Before June 2024,16.983999999999998,Sun,15.192116796297446
2024-05-06,May,Monday,Before June 2024,16.573,Mon,15.73836242776391
2024-05-07,May,Tuesday,Before June 2024,23.573,Tue,15.075273534797308
2024-05-08,May,Wednesday,Before June 2024,15.927999999999999,Wed,14.957697748462618
2024-05-09,May,Thursday,Before June 2024,11.225999999999999,Thu,15.269705799176368
2024-05-10,May,Friday,Before June 2024,11,Fri,13.699045677905124
2024-05-11,May,Saturday,Before June 2024,20.949,Sat,17.993084653618173
2024-05-12,May,Sunday,Before June 2024,21.617,Sun,15.192116796297446
2024-05-13,May,Monday,Before June 2024,16.295,Mon,15.73836242776391
2024-05-14,May,Tuesday,Before June 2024,12.295,Tue,15.075273534797308
2024-05-15,May,Wednesday,Before June 2024,8.283,Wed,14.957697748462618
2024-05-16,May,Thursday,Before June 2024,13.009,Thu,15.269705799176368
2024-05-17,May,Friday,Before June 2024,16.645,Fri,13.699045677905124
2024-05-18,May,Saturday,Before June 2024,22.044,Sat,17.993084653618173
2024-05-19,May,Sunday,Before June 2024,12.744,Sun,15.192116796297446
2024-05-20,May,Monday,Before June 2024,17.504,Mon,15.73836242776391
2024-05-21,May,Tuesday,Before June 2024,11.786999999999999,Tue,15.075273534797308
2024-05-22,May,Wednesday,Before June 2024,9.011,Wed,14.957697748462618
2024-05-23,May,Thursday,Before June 2024,9.448,Thu,15.269705799176368
2024-05-24,May,Friday,Before June 2024,13.779,Fri,13.699045677905124
2024-05-25,May,Saturday,Before June 2024,20.021,Sat,17.993084653618173
2024-05-26,May,Sunday,Before June 2024,26.191,Sun,15.192116796297446
2024-05-27,May,Monday,Before June 2024,18.207,Mon,15.73836242776391
2024-05-28,May,Tuesday,Before June 2024,19.536,Tue,15.075273534797308
2024-05-29,May,Wednesday,Before June 2024,11.374,Wed,14.957697748462618
2024-05-30,May,Thursday,Before June 2024,20.4,Thu,15.269705799176368
2024-05-31,May,Friday,Before June 2024,14.281,Fri,13.699045677905124
2024-06-01,June,Saturday,After June 2024,19.535,Sat,17.971135090649103
2024-06-02,June,Sunday,After June 2024,13.172,Sun,15.170167233328376
2024-06-03,June,Monday,After June 2024,13.919,Mon,15.71641286479484
2024-06-04,June,Tuesday,After June 2024,17.6,Tue,15.053323971828238
2024-06-05,June,Wednesday,After June 2024,15.913,Wed,14.935748185493548
2024-06-06,June,Thursday,After June 2024,11.057,Thu,15.247756236207298
2024-06-07,June,Friday,After June 2024,13.433,Fri,13.677096114936054
2024-06-08,June,Saturday,After June 2024,11.892,Sat,17.971135090649103
2024-06-09,June,Sunday,After June 2024,15.993,Sun,15.170167233328376
2024-06-10,June,Monday,After June 2024,22.043,Mon,15.71641286479484
2024-06-11,June,Tuesday,After June 2024,15.231,Tue,15.053323971828238
2024-06-12,June,Wednesday,After June 2024,16.726,Wed,14.935748185493548
2024-06-13,June,Thursday,After June 2024,10.333,Thu,15.247756236207298
2024-06-14,June,Friday,After June 2024,11.724,Fri,13.677096114936054
2024-06-15,June,Saturday,After June 2024,21.929,Sat,17.971135090649103
2024-06-16,June,Sunday,After June 2024,15.774000000000001,Sun,15.170167233328376
2024-06-17,June,Monday,After June 2024,12.317,Mon,15.71641286479484
2024-06-18,June,Tuesday,After June 2024,15.449,Tue,15.053323971828238
2024-06-19,June,Wednesday,After June 2024,11.987,Wed,14.935748185493548
2024-06-20,June,Thursday,After June 2024,9.626,Thu,15.247756236207298
2024-06-21,June,Friday,After June 2024,13.959,Fri,13.677096114936054
2024-06-22,June,Saturday,After June 2024,31.247,Sat,17.971135090649103
2024-06-23,June,Sunday,After June 2024,11.531,Sun,15.170167233328376
2024-06-24,June,Monday,After June 2024,20.246,Mon,15.71641286479484
2024-06-25,June,Tuesday,After June 2024,11.383,Tue,15.053323971828238
2024-06-26,June,Wednesday,After June 2024,9.466,Wed,14.935748185493548
2024-06-27,June,Thursday,After June 2024,11.678,Thu,15.247756236207298
2024-06-28,June,Friday,After June 2024,6.388,Fri,13.677096114936054
2024-06-29,June,Saturday,After June 2024,13.516,Sat,17.971135090649103
2024-06-30,June,Sunday,After June 2024,9.875,Sun,15.170167233328376
2024-07-01,July,Monday,After June 2024,15.657,Mon,14.789946035247924
2024-07-02,July,Tuesday,After June 2024,17.877,Tue,14.126857142281322
2024-07-03,July,Wednesday,After June 2024,12.096,Wed,14.009281355946632
2024-07-04,July,Thursday,After June 2024,15.454,Thu,14.32128940666038
2024-07-05,July,Friday,After June 2024,11.981,Fri,12.750629285389136
2024-07-06,July,Saturday,After June 2024,19.56,Sat,17.044668261102185
2024-07-07,July,Sunday,After June 2024,10.194,Sun,14.243700403781459
2024-07-08,July,Monday,After June 2024,16.722,Mon,14.789946035247924
2024-07-09,July,Tuesday,After June 2024,13.873,Tue,14.126857142281322
2024-07-10,July,Wednesday,After June 2024,14.878,Wed,14.009281355946632
2024-07-11,July,Thursday,After June 2024,16.659,Thu,14.32128940666038
2024-07-12,July,Friday,After June 2024,8.344,Fri,12.750629285389136
2024-07-13,July,Saturday,After June 2024,22.576,Sat,17.044668261102185
2024-07-14,July,Sunday,After June 2024,14.418,Sun,14.243700403781459
2024-07-15,July,Monday,After June 2024,11.096,Mon,14.789946035247924
2024-07-16,July,Tuesday,After June 2024,15.145999999999999,Tue,14.126857142281322
2024-07-17,July,Wednesday,After June 2024,17.044,Wed,14.009281355946632
2024-07-18,July,Thursday,After June 2024,13.206,Thu,14.32128940666038
2024-07-19,July,Friday,After June 2024,9.715,Fri,12.750629285389136
2024-07-20,July,Saturday,After June 2024,15.894,Sat,17.044668261102185
2024-07-21,July,Sunday,After June 2024,16.259,Sun,14.243700403781459
2024-07-22,July,Monday,After June 2024,13.956,Mon,14.789946035247924
2024-07-23,July,Tuesday,After June 2024,14.38,Tue,14.126857142281322
2024-07-24,July,Wednesday,After June 2024,15.386,Wed,14.009281355946632
2024-07-25,July,Thursday,After June 2024,10.774000000000001,Thu,14.32128940666038
2024-07-26,July,Friday,After June 2024,12.564,Fri,12.750629285389136
2024-07-27,July,Saturday,After June 2024,20.224,Sat,17.044668261102185
2024-07-28,July,Sunday,After June 2024,16.669999999999998,Sun,14.243700403781459
2024-07-29,July,Monday,After June 2024,19.345,Mon,14.789946035247924
2024-07-30,July,Tuesday,After June 2024,12.215,Tue,14.126857142281322
2024-07-31,July,Wednesday,After June 2024,6.775,Wed,14.009281355946632
2024-08-01,August,Thursday,After June 2024,13.014,Thu,14.558932164247876
2024-08-02,August,Friday,After June 2024,16.906,Fri,12.988272042976632
2024-08-03,August,Saturday,After June 2024,18.489,Sat,17.28231101868968
2024-08-04,August,Sunday,After June 2024,16.439,Sun,14.481343161368954
2024-08-05,August,Monday,After June 2024,22.562,Mon,15.027588792835418
2024-08-06,August,Tuesday,After June 2024,11.765,Tue,14.364499899868816
2024-08-07,August,Wednesday,After June 2024,17.576999999999998,Wed,14.246924113534126
2024-08-08,August,Thursday,After June 2024,13.869,Thu,14.558932164247876
2024-08-09,August,Friday,After June 2024,9.167,Fri,12.988272042976632
2024-08-10,August,Saturday,After June 2024,16.433,Sat,17.28231101868968
2024-08-11,August,Sunday,After June 2024,14.59,Sun,14.481343161368954
2024-08-12,August,Monday,After June 2024,15.408,Mon,15.027588792835418
2024-08-13,August,Tuesday,After June 2024,16.8,Tue,14.364499899868816
2024-08-14,August,Wednesday,After June 2024,8.804,Wed,14.246924113534126
2024-08-15,August,Thursday,After June 2024,10.338,Thu,14.558932164247876
2024-08-16,August,Friday,After June 2024,14.91,Fri,12.988272042976632
2024-08-17,August,Saturday,After June 2024,16.942,Sat,17.28231101868968
2024-08-18,August,Sunday,After June 2024,15.524000000000001,Sun,14.481343161368954
2024-08-19,August,Monday,After June 2024,16.414,Mon,15.027588792835418
2024-08-20,August,Tuesday,After June 2024,9.643,Tue,14.364499899868816
2024-08-21,August,Wednesday,After June 2024,13.66,Wed,14.246924113534126
2024-08-22,August,Thursday,After June 2024,12.774000000000001,Thu,14.558932164247876
2024-08-23,August,Friday,After June 2024,12.418000000000001,Fri,12.988272042976632
2024-08-24,August,Saturday,After June 2024,23.754,Sat,17.28231101868968
2024-08-25,August,Sunday,After June 2024,11.104,Sun,14.481343161368954
2024-08-26,August,Monday,After June 2024,14.194,Mon,15.027588792835418
2024-08-27,August,Tuesday,After June 2024,9.963,Tue,14.364499899868816
2024-08-28,August,Wednesday,After June 2024,13.58,Wed,14.246924113534126
2024-08-29,August,Thursday,After June 2024,21.49,Thu,14.558932164247876
2024-08-30,August,Friday,After June 2024,9.604,Fri,12.988272042976632
2024-08-31,August,Saturday,After June 2024,18.494,Sat,17.28231101868968
2024-09-01,September,Sunday,After June 2024,16.902,Sun,17.521029270425945
2024-09-02,September,Monday,After June 2024,9.575,Mon,18.06727490189241
2024-09-03,September,Tuesday,After June 2024,14.658,Tue,17.40418600892581
2024-09-04,September,Wednesday,After June 2024,18.509,Wed,17.28661022259112
2024-09-05,September,Thursday,After June 2024,16.928,Thu,17.598618273304865
2024-09-06,September,Friday,After June 2024,6.742,Fri,16.027958152033627
2024-09-07,September,Saturday,After June 2024,18.319,Sat,20.321997127746673
2024-09-08,September,Sunday,After June 2024,13.666,Sun,17.521029270425945
2024-09-09,September,Monday,After June 2024,14.97,Mon,18.06727490189241
2024-09-10,September,Tuesday,After June 2024,16.59,Tue,17.40418600892581
2024-09-11,September,Wednesday,After June 2024,18.105999999999998,Wed,17.28661022259112
2024-09-12,September,Thursday,After June 2024,13.375,Thu,17.598618273304865
2024-09-13,September,Friday,After June 2024,18.446,Fri,16.027958152033627
2024-09-14,September,Saturday,After June 2024,27.206,Sat,20.321997127746673
2024-09-15,September,Sunday,After June 2024,15.786999999999999,Sun,17.521029270425945
2024-09-16,September,Monday,After June 2024,14.483,Mon,18.06727490189241
2024-09-17,September,Tuesday,After June 2024,9.589,Tue,17.40418600892581
2024-09-18,September,Wednesday,After June 2024,11.917,Wed,17.28661022259112
2024-09-19,September,Thursday,After June 2024,12.21,Thu,17.598618273304865
2024-09-20,September,Friday,After June 2024,18.674,Fri,16.027958152033627
2024-09-21,September,Saturday,After June 2024,25.968,Sat,20.321997127746673
2024-09-22,September,Sunday,After June 2024,14.241,Sun,17.521029270425945
2024-09-23,September,Monday,After June 2024,17.917,Mon,18.06727490189241
2024-09-24,September,Tuesday,After June 2024,20.579,Tue,17.40418600892581
2024-09-25,September,Wednesday,After June 2024,19.168,Wed,17.28661022259112
2024-09-26,September,Thursday,After June 2024,37.262,Thu,17.598618273304865
2024-09-27,September,Friday,After June 2024,24.139,Fri,16.027958152033627
2024-09-28,September,Saturday,After June 2024,23.871,Sat,20.321997127746673
2024-09-29,September,Sunday,After June 2024,23.42,Sun,17.521029270425945
2024-09-30,September,Monday,After June 2024,19.282,Mon,18.06727490189241
2024-10-01,October,Tuesday,After June 2024,14.454,Tue,21.08930865088467
2024-10-02,October,Wednesday,After June 2024,19.084,Wed,20.97173286454998
2024-10-03,October,Thursday,After June 2024,12.094,Thu,21.283740915263728
2024-10-04,October,Friday,After June 2024,18.594,Fri,19.713080793992482
2024-10-05,October,Saturday,After June 2024,17.277,Sat,24.007119769705533
2024-10-06,October,Sunday,After June 2024,17.258,Sun,21.206151912384804
2024-10-07,October,Monday,After June 2024,10.507,Mon,21.752397543851274
2024-10-08,October,Tuesday,After June 2024,7.373,Tue,21.08930865088467
2024-10-09,October,Wednesday,After June 2024,13.222,Wed,20.97173286454998
2024-10-10,October,Thursday,After June 2024,19.113,Thu,21.283740915263728
2024-10-11,October,Friday,After June 2024,27.829,Fri,19.713080793992482
2024-10-12,October,Saturday,After June 2024,32.279,Sat,24.007119769705533
2024-10-13,October,Sunday,After June 2024,25.345,Sun,21.206151912384804
2024-10-14,October,Monday,After June 2024,25.413999999999998,Mon,21.752397543851274
2024-10-15,October,Tuesday,After June 2024,30.647,Tue,21.08930865088467
2024-10-16,October,Wednesday,After June 2024,23.330000000000002,Wed,20.97173286454998
2024-10-17,October,Thursday,After June 2024,31.113,Thu,21.283740915263728
2024-10-18,October,Friday,After June 2024,24.121,Fri,19.713080793992482
2024-10-19,October,Saturday,After June 2024,20.172,Sat,24.007119769705533
2024-10-20,October,Sunday,After June 2024,18.103,Sun,21.206151912384804
2024-10-21,October,Monday,After June 2024,22.754,Mon,21.752397543851274
2024-10-22,October,Tuesday,After June 2024,27.675,Tue,21.08930865088467
2024-10-23,October,Wednesday,After June 2024,16.874,Wed,20.97173286454998
2024-10-24,October,Thursday,After June 2024,23.164,Thu,21.283740915263728
2024-10-25,October,Friday,After June 2024,9.641,Fri,19.713080793992482
2024-10-26,October,Saturday,After June 2024,43.697,Sat,24.007119769705533
2024-10-27,October,Sunday,After June 2024,34.857,Sun,21.206151912384804
2024-10-28,October,Monday,After June 2024,20.77,Mon,21.752397543851274
2024-10-29,October,Tuesday,After June 2024,32.772,Tue,21.08930865088467
2024-10-30,October,Wednesday,After June 2024,25.762,Wed,20.97173286454998
2024-10-31,October,Thursday,After June 2024,30.768,Thu,21.283740915263728
2024-11-01,November,Friday,After June 2024,20.812,Fri,29.86771181215483
2024-11-02,November,Saturday,After June 2024,34.109,Sat,34.161750787867874
2024-11-03,November,Sunday,After June 2024,24.23,Sun,31.36078293054715
2024-11-04,November,Monday,After June 2024,23.467,Mon,31.907028562013615
2024-11-05,November,Tuesday,After June 2024,32.638,Tue,31.243939669047013
2024-11-06,November,Wednesday,After June 2024,18.277,Wed,31.126363882712322
2024-11-07,November,Thursday,After June 2024,16.529,Thu,31.43837193342607
2024-11-08,November,Friday,After June 2024,13.965,Fri,29.86771181215483
2024-11-09,November,Saturday,After June 2024,26.615000000000002,Sat,34.161750787867874
2024-11-10,November,Sunday,After June 2024,23.07,Sun,31.36078293054715
2024-11-11,November,Monday,After June 2024,32.703,Mon,31.907028562013615
2024-11-12,November,Tuesday,After June 2024,32.459,Tue,31.243939669047013
2024-11-13,November,Wednesday,After June 2024,38.108,Wed,31.126363882712322
2024-11-14,November,Thursday,After June 2024,16.481,Thu,31.43837193342607
2024-11-15,November,Friday,After June 2024,33.46,Fri,29.86771181215483
2024-11-16,November,Saturday,After June 2024,32.275999999999996,Sat,34.161750787867874
2024-11-17,November,Sunday,After June 2024,27.979,Sun,31.36078293054715
2024-11-18,November,Monday,After June 2024,36.774,Mon,31.907028562013615
2024-11-19,November,Tuesday,After June 2024,49.185,Tue,31.243939669047013
2024-11-20,November,Wednesday,After June 2024,29.04,Wed,31.126363882712322
2024-11-21,November,Thursday,After June 2024,39.88,Thu,31.43837193342607
2024-11-22,November,Friday,After June 2024,50.563,Fri,29.86771181215483
2024-11-23,November,Saturday,After June 2024,32.674,Sat,34.161750787867874
2024-11-24,November,Sunday,After June 2024,40.202,Sun,31.36078293054715
2024-11-25,November,Monday,After June 2024,42.424,Mon,31.907028562013615
2024-11-26,November,Tuesday,After June 2024,27.988,Tue,31.243939669047013
2024-11-27,November,Wednesday,After June 2024,49.182,Wed,31.126363882712322
2024-11-28,November,Thursday,After June 2024,62.053,Thu,31.43837193342607
2024-11-29,November,Friday,After June 2024,24.798,Fri,29.86771181215483
2024-11-30,November,Saturday,After June 2024,25.937,Sat,34.161750787867874
2024-12-01,December,Sunday,After June 2024,33.223,Sun,35.77474790192232
2024-12-02,December,Monday,After June 2024,41.191,Mon,36.32099353338878
2024-12-03,December,Tuesday,After June 2024,50.364,Tue,35.657904640422174
2024-12-04,December,Wednesday,After June 2024,53.329,Wed,35.540328854087484
2024-12-05,December,Thursday,After June 2024,31.014,Thu,35.852336904801234
2024-12-06,December,Friday,After June 2024,29.539,Fri,34.28167678352999
2024-12-07,December,Saturday,After June 2024,44.884,Sat,38.57571575924304
2024-12-08,December,Sunday,After June 2024,29.439,Sun,35.77474790192232
2024-12-09,December,Monday,After June 2024,54.345,Mon,36.32099353338878
2024-12-10,December,Tuesday,After June 2024,43.012,Tue,35.657904640422174
2024-12-11,December,Wednesday,After June 2024,47.496,Wed,35.540328854087484
2024-12-12,December,Thursday,After June 2024,39.232,Thu,35.852336904801234
2024-12-13,December,Friday,After June 2024,45.437,Fri,34.28167678352999
2024-12-14,December,Saturday,After June 2024,50.303,Sat,38.57571575924304
2024-12-15,December,Sunday,After June 2024,23.102,Sun,35.77474790192232
2024-12-16,December,Monday,After June 2024,33.298,Mon,36.32099353338878
2024-12-17,December,Tuesday,After June 2024,36.219,Tue,35.657904640422174
2024-12-18,December,Wednesday,After June 2024,29.071,Wed,35.540328854087484
2024-12-19,December,Thursday,After June 2024,46.183,Thu,35.852336904801234
2024-12-20,December,Friday,After June 2024,51.268,Fri,34.28167678352999
2024-12-21,December,Saturday,After June 2024,52.618,Sat,38.57571575924304
2024-12-22,December,Sunday,After June 2024,40.17,Sun,35.77474790192232
2024-12-23,December,Monday,After June 2024,42.047,Mon,36.32099353338878
2024-12-24,December,Tuesday,After June 2024,26.187,Tue,35.657904640422174
2024-12-25,December,Wednesday,After June 2024,27.939,Wed,35.540328854087484
2024-12-26,December,Thursday,After June 2024,27.3,Thu,35.852336904801234
2024-12-27,December,Friday,After June 2024,19.73,Fri,34.28167678352999
2024-12-28,December,Saturday,After June 2024,25.337,Sat,38.57571575924304
2024-12-29,December,Sunday,After June 2024,30.106,Sun,35.77474790192232
2024-12-30,December,Monday,After June 2024,24.597,Mon,36.32099353338878
2024-12-31,December,Tuesday,After June 2024,20.269,Tue,35.657904640422174
2025-01-01,January,Wednesday,After June 2024,35.204,Wed,35.180009772637675
2025-01-02,January,Thursday,After June 2024,26.827,Thu,35.492017823351425
2025-01-03,January,Friday,After June 2024,35.528999999999996,Fri,33.92135770208018
2025-01-04,January,Saturday,After June 2024,39.104,Sat,38.21539667779323
2025-01-05,January,Sunday,After June 2024,41.618,Sun,35.41442882047251
2025-01-06,January,Monday,After June 2024,54.33,Mon,35.96067445193897
2025-01-07,January,Tuesday,After June 2024,38.921,Tue,35.297585558972365
2025-01-08,January,Wednesday,After June 2024,42.271,Wed,35.180009772637675
2025-01-09,January,Thursday,After June 2024,35.824,Thu,35.492017823351425
2025-01-10,January,Friday,After June 2024,39.304,Fri,33.92135770208018
2025-01-11,January,Saturday,After June 2024,47.159,Sat,38.21539667779323
2025-01-12,January,Sunday,After June 2024,36,Sun,35.41442882047251
2025-01-13,January,Monday,After June 2024,28.469,Mon,35.96067445193897
2025-01-14,January,Tuesday,After June 2024,21.856,Tue,35.297585558972365
2025-01-15,January,Wednesday,After June 2024,38.358,Wed,35.180009772637675
2025-01-16,January,Thursday,After June 2024,36.737,Thu,35.492017823351425
2025-01-17,January,Friday,After June 2024,22.058,Fri,33.92135770208018
2025-01-18,January,Saturday,After June 2024,36.889,Sat,38.21539667779323
2025-01-19,January,Sunday,After June 2024,28.662,Sun,35.41442882047251
2025-01-20,January,Monday,After June 2024,33.716,Mon,35.96067445193897
2025-01-21,January,Tuesday,After June 2024,44.492,Tue,35.297585558972365
2025-01-22,January,Wednesday,After June 2024,42.926,Wed,35.180009772637675
2025-01-23,January,Thursday,After June 2024,30.623,Thu,35.492017823351425
2025-01-24,January,Friday,After June 2024,7.705,Fri,33.92135770208018
2025-01-25,January,Saturday,After June 2024,3.267,Sat,38.21539667779323
2025-01-26,January,Sunday,After June 2024,43.227,Sun,35.41442882047251
2025-01-27,January,Monday,After June 2024,44.426,Mon,35.96067445193897
2025-01-28,January,Tuesday,After June 2024,25.98,Tue,35.297585558972365
2025-01-29,January,Wednesday,After June 2024,41.451,Wed,35.180009772637675
2025-01-30,January,Thursday,After June 2024,42.706,Thu,35.492017823351425
2025-01-31,January,Friday,After June 2024,24.395,Fri,33.92135770208018
2025-02-01,February,Saturday,After June 2024,34.6,Sat,33.9450349980689
2025-02-02,February,Sunday,After June 2024,27.103,Sun,31.14406714074817
2025-02-03,February,Monday,After June 2024,26.91,Mon,31.690312772214636
2025-02-04,February,Tuesday,After June 2024,24.994,Tue,31.027223879248034
2025-02-05,February,Wednesday,After June 2024,39.163,Wed,30.90964809291334
2025-02-06,February,Thursday,After June 2024,40.691,Thu,31.22165614362709
2025-02-07,February,Friday,After June 2024,47.98,Fri,29.650996022355848
2025-02-08,February,Saturday,After June 2024,53.209,Sat,33.9450349980689
2025-02-09,February,Sunday,After June 2024,28.209,Sun,31.14406714074817
2025-02-10,February,Monday,After June 2024,31.311,Mon,31.690312772214636
2025-02-11,February,Tuesday,After June 2024,31.666,Tue,31.027223879248034
2025-02-12,February,Wednesday,After June 2024,41.141,Wed,30.90964809291334
2025-02-13,February,Thursday,After June 2024,42.345,Thu,31.22165614362709
2025-02-14,February,Friday,After June 2024,40.337,Fri,29.650996022355848
2025-02-15,February,Saturday,After June 2024,42.775,Sat,33.9450349980689
2025-02-16,February,Sunday,After June 2024,31.4,Sun,31.14406714074817
2025-02-17,February,Monday,After June 2024,35.004,Mon,31.690312772214636
2025-02-18,February,Tuesday,After June 2024,31.187,Tue,31.027223879248034
2025-02-19,February,Wednesday,After June 2024,35.173,Wed,30.90964809291334
2025-02-20,February,Thursday,After June 2024,25.472,Thu,31.22165614362709
2025-02-21,February,Friday,After June 2024,20.488,Fri,29.650996022355848
2025-02-22,February,Saturday,After June 2024,26.166,Sat,33.9450349980689
2025-02-23,February,Sunday,After June 2024,23.074,Sun,31.14406714074817
2025-02-24,February,Monday,After June 2024,42.524,Mon,31.690312772214636
2025-02-25,February,Tuesday,After June 2024,34.006,Tue,31.027223879248034
2025-02-26,February,Wednesday,After June 2024,31.514,Wed,30.90964809291334
2025-02-27,February,Thursday,After June 2024,33.322,Thu,31.22165614362709
2025-02-28,February,Friday,After June 2024,25.893,Fri,29.650996022355848
2025-03-01,March,Saturday,After June 2024,43.768,Sat,31.471299450874973
2025-03-02,March,Sunday,After June 2024,25.623,Sun,28.670331593554245
2025-03-03,March,Monday,After June 2024,31.999,Mon,29.21657722502071
2025-03-04,March,Tuesday,After June 2024,35.545,Tue,28.55348833205411
2025-03-05,March,Wednesday,After June 2024,18.655,Wed,28.435912545719415
2025-03-06,March,Thursday,After June 2024,37.359,Thu,28.74792059643317
2025-03-07,March,Friday,After June 2024,22.791,Fri,27.177260475161923
2025-03-08,March,Saturday,After June 2024,38.492,Sat,31.471299450874973
2025-03-09,March,Sunday,After June 2024,22.752,Sun,28.670331593554245
2025-03-10,March,Monday,After June 2024,17.745,Mon,29.21657722502071
2025-03-11,March,Tuesday,After June 2024,26.013,Tue,28.55348833205411
2025-03-12,March,Wednesday,After June 2024,30.013,Wed,28.435912545719415
2025-03-13,March,Thursday,After June 2024,38.769,Thu,28.74792059643317
2025-03-14,March,Friday,After June 2024,28.673,Fri,27.177260475161923
2025-03-15,March,Saturday,After June 2024,32.393,Sat,31.471299450874973
2025-03-16,March,Sunday,After June 2024,23.951999999999998,Sun,28.670331593554245
2025-03-17,March,Monday,After June 2024,34.644,Mon,29.21657722502071
2025-03-18,March,Tuesday,After June 2024,26.037,Tue,28.55348833205411
2025-03-19,March,Wednesday,After June 2024,30.261,Wed,28.435912545719415
2025-03-20,March,Thursday,After June 2024,29.211,Thu,28.74792059643317
2025-03-21,March,Friday,After June 2024,18.761,Fri,27.177260475161923
2025-03-22,March,Saturday,After June 2024,28.052,Sat,31.471299450874973
2025-03-23,March,Sunday,After June 2024,28.009999999999998,Sun,28.670331593554245
2025-03-24,March,Monday,After June 2024,23.158,Mon,29.21657722502071
2025-03-25,March,Tuesday,After June 2024,12.116,Tue,28.55348833205411
2025-03-26,March,Wednesday,After June 2024,19.452,Wed,28.435912545719415
2025-03-27,March,Thursday,After June 2024,21.234,Thu,28.74792059643317
2025-03-28,March,Friday,After June 2024,35.43,Fri,27.177260475161923
2025-03-29,March,Saturday,After June 2024,36.692,Sat,31.471299450874973
2025-03-30,March,Sunday,After June 2024,27.469,Sun,28.670331593554245
2025-03-31,March,Monday,After June 2024,13.549,Mon,29.21657722502071
2025-04-01,April,Tuesday,After June 2024,29.383,Tue,21.0444217796027
2025-04-02,April,Wednesday,After June 2024,21.909,Wed,20.926845993268007
2025-04-03,April,Thursday,After June 2024,18.597,Thu,21.23885404398176
2025-04-04,April,Friday,After June 2024,17.962,Fri,19.668193922710515
2025-04-05,April,Saturday,After June 2024,24.697,Sat,23.962232898423565
2025-04-06,April,Sunday,After June 2024,15.221,Sun,21.161265041102837
2025-04-07,April,Monday,After June 2024,19.073,Mon,21.707510672569303
2025-04-08,April,Tuesday,After June 2024,14.895,Tue,21.0444217796027
2025-04-09,April,Wednesday,After June 2024,19.524,Wed,20.926845993268007
2025-04-10,April,Thursday,After June 2024,15.906,Thu,21.23885404398176
2025-04-11,April,Friday,After June 2024,10.823,Fri,19.668193922710515
2025-04-12,April,Saturday,After June 2024,21.554,Sat,23.962232898423565
2025-04-13,April,Sunday,After June 2024,14.604,Sun,21.161265041102837
2025-04-14,April,Monday,After June 2024,23.525,Mon,21.707510672569303
2025-04-15,April,Tuesday,After June 2024,25.571,Tue,21.0444217796027
2025-04-16,April,Wednesday,After June 2024,19.945,Wed,20.926845993268007
2025-04-17,April,Thursday,After June 2024,32.842999999999996,Thu,21.23885404398176
2025-04-18,April,Friday,After June 2024,17.163,Fri,19.668193922710515
2025-04-19,April,Saturday,After June 2024,33.573,Sat,23.962232898423565
2025-04-20,April,Sunday,After June 2024,16.331,Sun,21.161265041102837
2025-04-21,April,Monday,After June 2024,24.77,Mon,21.707510672569303
2025-04-22,April,Tuesday,After June 2024,14.062,Tue,21.0444217796027
2025-04-23,April,Wednesday,After June 2024,21.873,Wed,20.926845993268007
2025-04-24,April,Thursday,After June 2024,27.578,Thu,21.23885404398176
2025-04-25,April,Friday,After June 2024,17.267,Fri,19.668193922710515
2025-04-26,April,Saturday,After June 2024,29.160999999999998,Sat,23.962232898423565
2025-04-27,April,Sunday,After June 2024,16.412,Sun,21.161265041102837
2025-04-28,April,Monday,After June 2024,19.811,Mon,21.707510672569303
2025-04-29,April,Tuesday,After June 2024,17.731,Tue,21.0444217796027
2025-04-30,April,Wednesday,After June 2024,9.622,Wed,20.926845993268007
2025-05-01,May,Thursday,After June 2024,19.084,Thu,18.474332300453433
2025-05-02,May,Friday,After June 2024,18.126,Fri,16.903672179182195
2025-05-03,May,Saturday,After June 2024,17.439,Sat,21.197711154895238
2025-05-04,May,Sunday,After June 2024,12.064,Sun,18.396743297574513
2025-05-05,May,Monday,After June 2024,18.826999999999998,Mon,18.94298892904098
2025-05-06,May,Tuesday,After June 2024,21.206,Tue,18.279900036074377
2025-05-07,May,Wednesday,After June 2024,15.197,Wed,18.162324249739687
2025-05-08,May,Thursday,After June 2024,16.711,Thu,18.474332300453433
2025-05-09,May,Friday,After June 2024,10.695,Fri,16.903672179182195
2025-05-10,May,Saturday,After June 2024,16.342,Sat,21.197711154895238
2025-05-11,May,Sunday,After June 2024,14.58,Sun,18.396743297574513
2025-05-12,May,Monday,After June 2024,17.096,Mon,18.94298892904098
2025-05-13,May,Tuesday,After June 2024,16.759,Tue,18.279900036074377
2025-05-14,May,Wednesday,After June 2024,16.26,Wed,18.162324249739687
2025-05-15,May,Thursday,After June 2024,15.388,Thu,18.474332300453433
2025-05-16,May,Friday,After June 2024,10.918,Fri,16.903672179182195
2025-05-17,May,Saturday,After June 2024,17.15,Sat,21.197711154895238
2025-05-18,May,Sunday,After June 2024,15.236,Sun,18.396743297574513
2025-05-19,May,Monday,After June 2024,18.993,Mon,18.94298892904098
2025-05-20,May,Tuesday,After June 2024,19.253,Tue,18.279900036074377
2025-05-21,May,Wednesday,After June 2024,20.235,Wed,18.162324249739687
2025-05-22,May,Thursday,After June 2024,14.821,Thu,18.474332300453433
2025-05-23,May,Friday,After June 2024,16.993,Fri,16.903672179182195
2025-05-24,May,Saturday,After June 2024,26.047,Sat,21.197711154895238
2025-05-25,May,Sunday,After June 2024,14.686,Sun,18.396743297574513
2025-05-26,May,Monday,After June 2024,19.457,Mon,18.94298892904098
2025-05-27,May,Tuesday,After June 2024,19.823,Tue,18.279900036074377
2025-05-28,May,Wednesday,After June 2024,18.298,Wed,18.162324249739687
2025-05-29,May,Thursday,After June 2024,21.834,Thu,18.474332300453433
2025-05-30,May,Friday,After June 2024,13.996,Fri,16.903672179182195
2025-05-31,May,Saturday,After June 2024,22.401,Sat,21.197711154895238
2025-06-01,June,Sunday,After June 2024,10.312,Sun,15.170167233328376
2025-06-02,June,Monday,After June 2024,14.72,Mon,15.71641286479484
2025-06-03,June,Tuesday,After June 2024,12.394,Tue,15.053323971828238
2025-06-04,June,Wednesday,After June 2024,15.616,Wed,14.935748185493548
2025-06-05,June,Thursday,After June 2024,13.068999999999999,Thu,15.247756236207298
2025-06-06,June,Friday,After June 2024,19.236,Fri,13.677096114936054
2025-06-07,June,Saturday,After June 2024,14.745,Sat,17.971135090649103
2025-06-08,June,Sunday,After June 2024,15.847,Sun,15.170167233328376
2025-06-09,June,Monday,After June 2024,15.805,Mon,15.71641286479484
2025-06-10,June,Tuesday,After June 2024,16.495,Tue,15.053323971828238
2025-06-11,June,Wednesday,After June 2024,13.221,Wed,14.935748185493548
2025-06-12,June,Thursday,After June 2024,12.559,Thu,15.247756236207298
2025-06-13,June,Friday,After June 2024,15.933,Fri,13.677096114936054
2025-06-14,June,Saturday,After June 2024,15.613,Sat,17.971135090649103
2025-06-15,June,Sunday,After June 2024,18.144000000000002,Sun,15.170167233328376
2025-06-16,June,Monday,After June 2024,18.688,Mon,15.71641286479484
2025-06-17,June,Tuesday,After June 2024,21.449,Tue,15.053323971828238
2025-06-18,June,Wednesday,After June 2024,18.789,Wed,14.935748185493548
2025-06-19,June,Thursday,After June 2024,18.081,Thu,15.247756236207298
2025-06-20,June,Friday,After June 2024,13.834,Fri,13.677096114936054
2025-06-21,June,Saturday,After June 2024,11.954,Sat,17.971135090649103
2025-06-22,June,Sunday,After June 2024,16.309,Sun,15.170167233328376
2025-06-23,June,Monday,After June 2024,20.498,Mon,15.71641286479484
2025-06-24,June,Tuesday,After June 2024,20.525,Tue,15.053323971828238
2025-06-25,June,Wednesday,After June 2024,20.044,Wed,14.935748185493548
2025-06-26,June,Thursday,After June 2024,20.442,Thu,15.247756236207298
2025-06-27,June,Friday,After June 2024,11.634,Fri,13.677096114936054
2025-06-28,June,Saturday,After June 2024,18.91,Sat,17.971135090649103
2025-06-29,June,Sunday,After June 2024,16.688,Sun,15.170167233328376
2025-06-30,June,Monday,After June 2024,19.705,Mon,15.71641286479484
2025-07-01,July,Tuesday,After June 2024,18.764,Tue,14.126857142281319
2025-07-02,July,Wednesday,After June 2024,20.039,Wed,14.009281355946628
2025-07-03,July,Thursday,After June 2024,0.788,Thu,14.321289406660377
